scenario,label,year,horizon,median_EPI,p05_EPI,p95_EPI,P_EPI_ge_50,P_EPI_ge_60
Baseline_Status_Quo,Status Quo (Inertial Base),2025,1,22.42,21.08,23.56,0.0,0.0
Baseline_Status_Quo,Status Quo (Inertial Base),2026,2,23.42,21.64,24.88,0.0,0.0
Baseline_Status_Quo,Status Quo (Inertial Base),2027,3,24.36,22.29,26.01,0.0,0.0
Baseline_Status_Quo,Status Quo (Inertial Base),2028,4,25.23,22.99,27.04,0.0,0.0
Baseline_Status_Quo,Status Quo (Inertial Base),2029,5,26.06,23.71,27.98,0.0,0.0
Baseline_Status_Quo,Status Quo (Inertial Base),2030,6,26.87,24.4,28.86,0.0,0.0
Baseline_Status_Quo,Status Quo (Inertial Base),2031,7,27.64,25.08,29.71,0.0,0.0
Baseline_Status_Quo,Status Quo (Inertial Base),2032,8,28.38,25.72,30.5,0.0,0.0
Baseline_Status_Quo,Status Quo (Inertial Base),2033,9,29.09,26.41,31.29,0.0,0.0
Baseline_Status_Quo,Status Quo (Inertial Base),2034,10,29.79,27.07,32.03,0.0,0.0
Baseline_Status_Quo,Status Quo (Inertial Base),2035,11,30.44,27.7,32.77,0.0,0.0
Baseline_Status_Quo,Status Quo (Inertial Base),2036,12,31.11,28.31,33.47,0.0,0.0
Baseline_Status_Quo,Status Quo (Inertial Base),2037,13,31.75,28.91,34.14,0.0,0.0
Baseline_Status_Quo,Status Quo (Inertial Base),2038,14,32.38,29.55,34.81,0.0,0.0
Baseline_Status_Quo,Status Quo (Inertial Base),2039,15,33.0,30.12,35.47,0.0,0.0
Baseline_Status_Quo,Status Quo (Inertial Base),2040,16,33.58,30.72,36.09,0.0,0.0
Baseline_Status_Quo,Status Quo (Inertial Base),2041,17,34.17,31.25,36.69,0.0,0.0
Baseline_Status_Quo,Status Quo (Inertial Base),2042,18,34.76,31.85,37.31,0.0,0.0
Baseline_Status_Quo,Status Quo (Inertial Base),2043,19,35.32,32.36,37.92,0.0,0.0
Baseline_Status_Quo,Status Quo (Inertial Base),2044,20,35.89,32.9,38.51,0.0,0.0
LDC_Tariff_Shock_2026,2026 LDC Graduation (Loss of EU Duty-Free EBA Access),2025,1,21.94,19.88,23.66,0.0,0.0
LDC_Tariff_Shock_2026,2026 LDC Graduation (Loss of EU Duty-Free EBA Access),2026,2,21.66,19.16,23.41,0.0,0.0
LDC_Tariff_Shock_2026,2026 LDC Graduation (Loss of EU Duty-Free EBA Access),2027,3,22.54,19.54,24.79,0.0,0.0
LDC_Tariff_Shock_2026,2026 LDC Graduation (Loss of EU Duty-Free EBA Access),2028,4,23.26,19.89,25.79,0.0,0.0
LDC_Tariff_Shock_2026,2026 LDC Graduation (Loss of EU Duty-Free EBA Access),2029,5,23.94,20.33,26.66,0.0,0.0
LDC_Tariff_Shock_2026,2026 LDC Graduation (Loss of EU Duty-Free EBA Access),2030,6,24.59,20.81,27.47,0.0,0.0
LDC_Tariff_Shock_2026,2026 LDC Graduation (Loss of EU Duty-Free EBA Access),2031,7,25.18,21.31,28.19,0.0,0.0
LDC_Tariff_Shock_2026,2026 LDC Graduation (Loss of EU Duty-Free EBA Access),2032,8,25.74,21.81,28.84,0.0,0.0
LDC_Tariff_Shock_2026,2026 LDC Graduation (Loss of EU Duty-Free EBA Access),2033,9,26.28,22.28,29.51,0.0,0.0
LDC_Tariff_Shock_2026,2026 LDC Graduation (Loss of EU Duty-Free EBA Access),2034,10,26.8,22.71,30.18,0.0,0.0
LDC_Tariff_Shock_2026,2026 LDC Graduation (Loss of EU Duty-Free EBA Access),2035,11,27.31,23.21,30.74,0.0,0.0
LDC_Tariff_Shock_2026,2026 LDC Graduation (Loss of EU Duty-Free EBA Access),2036,12,27.8,23.64,31.32,0.0,0.0
LDC_Tariff_Shock_2026,2026 LDC Graduation (Loss of EU Duty-Free EBA Access),2037,13,28.27,24.05,31.87,0.0,0.0
LDC_Tariff_Shock_2026,2026 LDC Graduation (Loss of EU Duty-Free EBA Access),2038,14,28.72,24.55,32.44,0.0,0.0
LDC_Tariff_Shock_2026,2026 LDC Graduation (Loss of EU Duty-Free EBA Access),2039,15,29.18,24.92,32.95,0.0,0.0
LDC_Tariff_Shock_2026,2026 LDC Graduation (Loss of EU Duty-Free EBA Access),2040,16,29.63,25.33,33.46,0.0,0.0
LDC_Tariff_Shock_2026,2026 LDC Graduation (Loss of EU Duty-Free EBA Access),2041,17,30.06,25.74,33.97,0.0,0.0
LDC_Tariff_Shock_2026,2026 LDC Graduation (Loss of EU Duty-Free EBA Access),2042,18,30.49,26.06,34.44,0.0,0.0
LDC_Tariff_Shock_2026,2026 LDC Graduation (Loss of EU Duty-Free EBA Access),2043,19,30.91,26.38,34.87,0.0,0.0
LDC_Tariff_Shock_2026,2026 LDC Graduation (Loss of EU Duty-Free EBA Access),2044,20,31.32,26.8,35.35,0.0,0.0
Banking_Fiscal_Freeze,Domestic Financial & Banking NPL Liquidity Freeze,2025,1,21.77,19.42,23.64,0.0,0.0
Banking_Fiscal_Freeze,Domestic Financial & Banking NPL Liquidity Freeze,2026,2,18.31,15.12,21.61,0.0,0.0
Banking_Fiscal_Freeze,Domestic Financial & Banking NPL Liquidity Freeze,2027,3,18.94,15.36,22.51,0.0,0.0
Banking_Fiscal_Freeze,Domestic Financial & Banking NPL Liquidity Freeze,2028,4,19.55,15.62,23.35,0.0,0.0
Banking_Fiscal_Freeze,Domestic Financial & Banking NPL Liquidity Freeze,2029,5,20.07,15.92,24.09,0.0,0.0
Banking_Fiscal_Freeze,Domestic Financial & Banking NPL Liquidity Freeze,2030,6,20.54,16.26,24.73,0.0,0.0
Banking_Fiscal_Freeze,Domestic Financial & Banking NPL Liquidity Freeze,2031,7,21.02,16.49,25.33,0.0,0.0
Banking_Fiscal_Freeze,Domestic Financial & Banking NPL Liquidity Freeze,2032,8,21.51,16.77,25.87,0.0,0.0
Banking_Fiscal_Freeze,Domestic Financial & Banking NPL Liquidity Freeze,2033,9,21.93,17.09,26.42,0.0,0.0
Banking_Fiscal_Freeze,Domestic Financial & Banking NPL Liquidity Freeze,2034,10,22.36,17.37,26.92,0.0,0.0
Banking_Fiscal_Freeze,Domestic Financial & Banking NPL Liquidity Freeze,2035,11,22.72,17.6,27.39,0.0,0.0
Banking_Fiscal_Freeze,Domestic Financial & Banking NPL Liquidity Freeze,2036,12,23.08,17.8,27.87,0.0,0.0
Banking_Fiscal_Freeze,Domestic Financial & Banking NPL Liquidity Freeze,2037,13,23.43,18.08,28.34,0.0,0.0
Banking_Fiscal_Freeze,Domestic Financial & Banking NPL Liquidity Freeze,2038,14,23.81,18.36,28.76,0.0,0.0
Banking_Fiscal_Freeze,Domestic Financial & Banking NPL Liquidity Freeze,2039,15,24.14,18.6,29.16,0.0,0.0
Banking_Fiscal_Freeze,Domestic Financial & Banking NPL Liquidity Freeze,2040,16,24.48,18.81,29.55,0.0,0.0
Banking_Fiscal_Freeze,Domestic Financial & Banking NPL Liquidity Freeze,2041,17,24.77,19.1,29.93,0.0,0.0
Banking_Fiscal_Freeze,Domestic Financial & Banking NPL Liquidity Freeze,2042,18,25.06,19.28,30.26,0.0,0.0
Banking_Fiscal_Freeze,Domestic Financial & Banking NPL Liquidity Freeze,2043,19,25.38,19.51,30.66,0.0,0.0
Banking_Fiscal_Freeze,Domestic Financial & Banking NPL Liquidity Freeze,2044,20,25.68,19.77,31.04,0.0,0.0
Polycrisis_Compound,Compound Polycrisis (LDC + Banking + Climate Shocks),2025,1,21.29,18.17,23.55,0.0,0.0
Polycrisis_Compound,Compound Polycrisis (LDC + Banking + Climate Shocks),2026,2,14.88,13.0,18.33,0.0,0.0
Polycrisis_Compound,Compound Polycrisis (LDC + Banking + Climate Shocks),2027,3,15.92,13.29,19.63,0.0,0.0
Polycrisis_Compound,Compound Polycrisis (LDC + Banking + Climate Shocks),2028,4,16.66,13.55,20.59,0.0,0.0
Polycrisis_Compound,Compound Polycrisis (LDC + Banking + Climate Shocks),2029,5,17.27,13.8,21.4,0.0,0.0
Polycrisis_Compound,Compound Polycrisis (LDC + Banking + Climate Shocks),2030,6,17.75,14.04,21.95,0.0,0.0
Polycrisis_Compound,Compound Polycrisis (LDC + Banking + Climate Shocks),2031,7,18.2,14.18,22.54,0.0,0.0
Polycrisis_Compound,Compound Polycrisis (LDC + Banking + Climate Shocks),2032,8,18.59,14.36,23.1,0.0,0.0
Polycrisis_Compound,Compound Polycrisis (LDC + Banking + Climate Shocks),2033,9,18.91,14.56,23.58,0.0,0.0
Polycrisis_Compound,Compound Polycrisis (LDC + Banking + Climate Shocks),2034,10,19.2,14.68,24.0,0.0,0.0
Polycrisis_Compound,Compound Polycrisis (LDC + Banking + Climate Shocks),2035,11,19.5,14.8,24.36,0.0,0.0
Polycrisis_Compound,Compound Polycrisis (LDC + Banking + Climate Shocks),2036,12,19.74,14.97,24.78,0.0,0.0
Polycrisis_Compound,Compound Polycrisis (LDC + Banking + Climate Shocks),2037,13,19.96,15.13,25.09,0.0,0.0
Polycrisis_Compound,Compound Polycrisis (LDC + Banking + Climate Shocks),2038,14,20.2,15.21,25.44,0.0,0.0
Polycrisis_Compound,Compound Polycrisis (LDC + Banking + Climate Shocks),2039,15,20.42,15.3,25.69,0.0,0.0
Polycrisis_Compound,Compound Polycrisis (LDC + Banking + Climate Shocks),2040,16,20.64,15.43,25.93,0.0,0.0
Polycrisis_Compound,Compound Polycrisis (LDC + Banking + Climate Shocks),2041,17,20.85,15.58,26.25,0.0,0.0
Polycrisis_Compound,Compound Polycrisis (LDC + Banking + Climate Shocks),2042,18,21.03,15.73,26.47,0.0,0.0
Polycrisis_Compound,Compound Polycrisis (LDC + Banking + Climate Shocks),2043,19,21.23,15.83,26.74,0.0,0.0
Polycrisis_Compound,Compound Polycrisis (LDC + Banking + Climate Shocks),2044,20,21.38,15.91,27.03,0.0,0.0
Resilient_4D_Response,Resilient 4D+ Policy Response (Neutralizes External Shocks),2025,1,24.17,22.52,25.55,0.0,0.0
Resilient_4D_Response,Resilient 4D+ Policy Response (Neutralizes External Shocks),2026,2,25.17,23.16,27.06,0.0,0.0
Resilient_4D_Response,Resilient 4D+ Policy Response (Neutralizes External Shocks),2027,3,27.7,25.48,29.63,0.0,0.0
Resilient_4D_Response,Resilient 4D+ Policy Response (Neutralizes External Shocks),2028,4,29.88,27.57,31.89,0.0,0.0
Resilient_4D_Response,Resilient 4D+ Policy Response (Neutralizes External Shocks),2029,5,31.88,29.5,33.97,0.0,0.0
Resilient_4D_Response,Resilient 4D+ Policy Response (Neutralizes External Shocks),2030,6,33.76,31.34,35.92,0.0,0.0
Resilient_4D_Response,Resilient 4D+ Policy Response (Neutralizes External Shocks),2031,7,35.54,33.05,37.78,0.0,0.0
Resilient_4D_Response,Resilient 4D+ Policy Response (Neutralizes External Shocks),2032,8,37.26,34.73,39.57,0.0,0.0
Resilient_4D_Response,Resilient 4D+ Policy Response (Neutralizes External Shocks),2033,9,38.92,36.33,41.31,0.0,0.0
Resilient_4D_Response,Resilient 4D+ Policy Response (Neutralizes External Shocks),2034,10,40.54,37.87,42.97,0.0,0.0
Resilient_4D_Response,Resilient 4D+ Policy Response (Neutralizes External Shocks),2035,11,42.09,39.4,44.6,0.0,0.0
Resilient_4D_Response,Resilient 4D+ Policy Response (Neutralizes External Shocks),2036,12,43.62,40.89,46.18,0.0,0.0
Resilient_4D_Response,Resilient 4D+ Policy Response (Neutralizes External Shocks),2037,13,45.12,42.33,47.73,0.0008,0.0
Resilient_4D_Response,Resilient 4D+ Policy Response (Neutralizes External Shocks),2038,14,46.58,43.75,49.26,0.0158,0.0
Resilient_4D_Response,Resilient 4D+ Policy Response (Neutralizes External Shocks),2039,15,48.03,45.17,50.74,0.1193,0.0
Resilient_4D_Response,Resilient 4D+ Policy Response (Neutralizes External Shocks),2040,16,49.44,46.52,52.22,0.37,0.0
Resilient_4D_Response,Resilient 4D+ Policy Response (Neutralizes External Shocks),2041,17,50.83,47.87,53.66,0.6812,0.0
Resilient_4D_Response,Resilient 4D+ Policy Response (Neutralizes External Shocks),2042,18,52.19,49.19,55.07,0.8853,0.0
Resilient_4D_Response,Resilient 4D+ Policy Response (Neutralizes External Shocks),2043,19,53.54,50.49,56.46,0.9714,0.0001
Resilient_4D_Response,Resilient 4D+ Policy Response (Neutralizes External Shocks),2044,20,54.86,51.76,57.85,0.995,0.0022
