iso,scenario,label,year,h,p05,p25,p50,p75,p95,P_ge_50,P_ge_60
BGD,Baseline_Status_Quo,Status Quo (Inertial Base),2024,-2,21.33,21.33,21.33,21.33,21.33,0.0,0.0
BGD,Baseline_Status_Quo,Status Quo (Inertial Base),2025,-1,21.83,21.83,21.83,21.83,21.83,0.0,0.0
BGD,Baseline_Status_Quo,Status Quo (Inertial Base),2026,0,22.46,22.46,22.46,22.46,22.46,0.0,0.0
BGD,Baseline_Status_Quo,Status Quo (Inertial Base),2027,1,22.25,23.01,23.48,23.93,24.53,0.0,0.0
BGD,Baseline_Status_Quo,Status Quo (Inertial Base),2028,2,22.74,23.82,24.42,25.01,25.79,0.0,0.0
BGD,Baseline_Status_Quo,Status Quo (Inertial Base),2029,3,23.38,24.62,25.29,25.96,26.84,0.0,0.0
BGD,Baseline_Status_Quo,Status Quo (Inertial Base),2030,4,24.05,25.38,26.14,26.87,27.85,0.0,0.0
BGD,Baseline_Status_Quo,Status Quo (Inertial Base),2031,5,24.73,26.11,26.96,27.72,28.8,0.0,0.0
BGD,Baseline_Status_Quo,Status Quo (Inertial Base),2032,6,25.41,26.86,27.74,28.55,29.67,0.0,0.0
BGD,Baseline_Status_Quo,Status Quo (Inertial Base),2033,7,26.05,27.53,28.5,29.34,30.51,0.0,0.0
BGD,Baseline_Status_Quo,Status Quo (Inertial Base),2034,8,26.68,28.25,29.22,30.07,31.33,0.0,0.0
BGD,Baseline_Status_Quo,Status Quo (Inertial Base),2035,9,27.35,28.93,29.9,30.79,32.06,0.0,0.0
BGD,Baseline_Status_Quo,Status Quo (Inertial Base),2036,10,28.03,29.54,30.54,31.5,32.77,0.0,0.0
BGD,Baseline_Status_Quo,Status Quo (Inertial Base),2037,11,28.64,30.2,31.2,32.17,33.45,0.0,0.0
BGD,Baseline_Status_Quo,Status Quo (Inertial Base),2038,12,29.17,30.79,31.81,32.78,34.13,0.0,0.0
BGD,Baseline_Status_Quo,Status Quo (Inertial Base),2039,13,29.76,31.36,32.41,33.4,34.71,0.0,0.0
BGD,Baseline_Status_Quo,Status Quo (Inertial Base),2040,14,30.27,31.92,32.96,33.93,35.31,0.0,0.0
BGD,Baseline_Status_Quo,Status Quo (Inertial Base),2041,15,30.81,32.44,33.5,34.48,35.9,0.0,0.0
BGD,Baseline_Status_Quo,Status Quo (Inertial Base),2042,16,31.3,32.95,34.02,35.04,36.45,0.0,0.0
BGD,Baseline_Status_Quo,Status Quo (Inertial Base),2043,17,31.84,33.47,34.56,35.57,37.01,0.0,0.0
BGD,Baseline_Status_Quo,Status Quo (Inertial Base),2044,18,32.32,33.96,35.07,36.08,37.55,0.0,0.0
BGD,Baseline_Status_Quo,Status Quo (Inertial Base),2045,19,32.73,34.42,35.57,36.57,38.07,0.0,0.0
BGD,Baseline_Status_Quo,Status Quo (Inertial Base),2046,20,33.16,34.94,36.03,37.08,38.56,0.0,0.0
BGD,LDC_Tariff_Shock_2026,LDC Graduation Tariff Cliff (-10% EBA Preferences),2024,-2,21.33,21.33,21.33,21.33,21.33,0.0,0.0
BGD,LDC_Tariff_Shock_2026,LDC Graduation Tariff Cliff (-10% EBA Preferences),2025,-1,21.83,21.83,21.83,21.83,21.83,0.0,0.0
BGD,LDC_Tariff_Shock_2026,LDC Graduation Tariff Cliff (-10% EBA Preferences),2026,0,22.46,22.46,22.46,22.46,22.46,0.0,0.0
BGD,LDC_Tariff_Shock_2026,LDC Graduation Tariff Cliff (-10% EBA Preferences),2027,1,20.45,21.39,21.95,22.47,23.18,0.0,0.0
BGD,LDC_Tariff_Shock_2026,LDC Graduation Tariff Cliff (-10% EBA Preferences),2028,2,20.63,22.01,22.85,23.67,24.81,0.0,0.0
BGD,LDC_Tariff_Shock_2026,LDC Graduation Tariff Cliff (-10% EBA Preferences),2029,3,20.9,22.64,23.62,24.54,25.83,0.0,0.0
BGD,LDC_Tariff_Shock_2026,LDC Graduation Tariff Cliff (-10% EBA Preferences),2030,4,21.34,23.17,24.32,25.36,26.82,0.0,0.0
BGD,LDC_Tariff_Shock_2026,LDC Graduation Tariff Cliff (-10% EBA Preferences),2031,5,21.69,23.73,24.94,26.11,27.65,0.0,0.0
BGD,LDC_Tariff_Shock_2026,LDC Graduation Tariff Cliff (-10% EBA Preferences),2032,6,22.0,24.25,25.49,26.73,28.44,0.0,0.0
BGD,LDC_Tariff_Shock_2026,LDC Graduation Tariff Cliff (-10% EBA Preferences),2033,7,22.55,24.73,26.09,27.43,29.11,0.0,0.0
BGD,LDC_Tariff_Shock_2026,LDC Graduation Tariff Cliff (-10% EBA Preferences),2034,8,23.03,25.26,26.68,28.05,29.89,0.0,0.0
BGD,LDC_Tariff_Shock_2026,LDC Graduation Tariff Cliff (-10% EBA Preferences),2035,9,23.36,25.77,27.22,28.64,30.53,0.0,0.0
BGD,LDC_Tariff_Shock_2026,LDC Graduation Tariff Cliff (-10% EBA Preferences),2036,10,23.8,26.28,27.77,29.2,31.07,0.0,0.0
BGD,LDC_Tariff_Shock_2026,LDC Graduation Tariff Cliff (-10% EBA Preferences),2037,11,24.23,26.76,28.28,29.67,31.66,0.0,0.0
BGD,LDC_Tariff_Shock_2026,LDC Graduation Tariff Cliff (-10% EBA Preferences),2038,12,24.61,27.17,28.71,30.12,32.12,0.0,0.0
BGD,LDC_Tariff_Shock_2026,LDC Graduation Tariff Cliff (-10% EBA Preferences),2039,13,25.01,27.54,29.07,30.58,32.63,0.0,0.0
BGD,LDC_Tariff_Shock_2026,LDC Graduation Tariff Cliff (-10% EBA Preferences),2040,14,25.29,27.91,29.53,31.04,33.15,0.0,0.0
BGD,LDC_Tariff_Shock_2026,LDC Graduation Tariff Cliff (-10% EBA Preferences),2041,15,25.7,28.3,29.91,31.48,33.51,0.0,0.0
BGD,LDC_Tariff_Shock_2026,LDC Graduation Tariff Cliff (-10% EBA Preferences),2042,16,26.03,28.65,30.27,31.91,34.02,0.0,0.0
BGD,LDC_Tariff_Shock_2026,LDC Graduation Tariff Cliff (-10% EBA Preferences),2043,17,26.47,29.05,30.64,32.29,34.43,0.0,0.0
BGD,LDC_Tariff_Shock_2026,LDC Graduation Tariff Cliff (-10% EBA Preferences),2044,18,26.93,29.33,30.99,32.64,34.89,0.0,0.0
BGD,LDC_Tariff_Shock_2026,LDC Graduation Tariff Cliff (-10% EBA Preferences),2045,19,27.14,29.66,31.33,33.03,35.29,0.0,0.0
BGD,LDC_Tariff_Shock_2026,LDC Graduation Tariff Cliff (-10% EBA Preferences),2046,20,27.46,29.97,31.63,33.33,35.66,0.0,0.0
BGD,Banking_Fiscal_Freeze,Domestic Financial & Banking NPL Credit Freeze,2024,-2,21.33,21.33,21.33,21.33,21.33,0.0,0.0
BGD,Banking_Fiscal_Freeze,Domestic Financial & Banking NPL Credit Freeze,2025,-1,21.83,21.83,21.83,21.83,21.83,0.0,0.0
BGD,Banking_Fiscal_Freeze,Domestic Financial & Banking NPL Credit Freeze,2026,0,22.46,22.46,22.46,22.46,22.46,0.0,0.0
BGD,Banking_Fiscal_Freeze,Domestic Financial & Banking NPL Credit Freeze,2027,1,16.51,18.23,19.39,20.34,21.61,0.0,0.0
BGD,Banking_Fiscal_Freeze,Domestic Financial & Banking NPL Credit Freeze,2028,2,16.2,18.23,19.76,21.05,22.67,0.0,0.0
BGD,Banking_Fiscal_Freeze,Domestic Financial & Banking NPL Credit Freeze,2029,3,16.24,18.45,20.11,21.63,23.53,0.0,0.0
BGD,Banking_Fiscal_Freeze,Domestic Financial & Banking NPL Credit Freeze,2030,4,16.35,18.76,20.53,22.21,24.2,0.0,0.0
BGD,Banking_Fiscal_Freeze,Domestic Financial & Banking NPL Credit Freeze,2031,5,16.58,19.03,20.96,22.7,24.82,0.0,0.0
BGD,Banking_Fiscal_Freeze,Domestic Financial & Banking NPL Credit Freeze,2032,6,16.81,19.39,21.41,23.22,25.47,0.0,0.0
BGD,Banking_Fiscal_Freeze,Domestic Financial & Banking NPL Credit Freeze,2033,7,17.09,19.77,21.81,23.69,26.03,0.0,0.0
BGD,Banking_Fiscal_Freeze,Domestic Financial & Banking NPL Credit Freeze,2034,8,17.34,20.21,22.2,24.14,26.67,0.0,0.0
BGD,Banking_Fiscal_Freeze,Domestic Financial & Banking NPL Credit Freeze,2035,9,17.64,20.57,22.65,24.61,27.21,0.0,0.0
BGD,Banking_Fiscal_Freeze,Domestic Financial & Banking NPL Credit Freeze,2036,10,17.93,20.87,22.98,25.07,27.7,0.0,0.0
BGD,Banking_Fiscal_Freeze,Domestic Financial & Banking NPL Credit Freeze,2037,11,18.14,21.19,23.38,25.39,28.11,0.0,0.0
BGD,Banking_Fiscal_Freeze,Domestic Financial & Banking NPL Credit Freeze,2038,12,18.34,21.49,23.64,25.77,28.52,0.0,0.0
BGD,Banking_Fiscal_Freeze,Domestic Financial & Banking NPL Credit Freeze,2039,13,18.5,21.8,23.94,26.08,28.84,0.0,0.0
BGD,Banking_Fiscal_Freeze,Domestic Financial & Banking NPL Credit Freeze,2040,14,18.74,22.03,24.29,26.37,29.21,0.0,0.0
BGD,Banking_Fiscal_Freeze,Domestic Financial & Banking NPL Credit Freeze,2041,15,18.86,22.26,24.57,26.7,29.56,0.0,0.0
BGD,Banking_Fiscal_Freeze,Domestic Financial & Banking NPL Credit Freeze,2042,16,19.1,22.54,24.79,27.01,29.94,0.0,0.0
BGD,Banking_Fiscal_Freeze,Domestic Financial & Banking NPL Credit Freeze,2043,17,19.41,22.77,25.04,27.28,30.2,0.0,0.0
BGD,Banking_Fiscal_Freeze,Domestic Financial & Banking NPL Credit Freeze,2044,18,19.61,22.98,25.22,27.57,30.6,0.0,0.0
BGD,Banking_Fiscal_Freeze,Domestic Financial & Banking NPL Credit Freeze,2045,19,19.75,23.11,25.51,27.84,30.86,0.0,0.0
BGD,Banking_Fiscal_Freeze,Domestic Financial & Banking NPL Credit Freeze,2046,20,19.83,23.44,25.77,28.07,31.16,0.0,0.0
BGD,Compound_Polycrisis,Compound Polycrisis (LDC + Banking + Climate Disruption),2024,-2,21.33,21.33,21.33,21.33,21.33,0.0,0.0
BGD,Compound_Polycrisis,Compound Polycrisis (LDC + Banking + Climate Disruption),2025,-1,21.83,21.83,21.83,21.83,21.83,0.0,0.0
BGD,Compound_Polycrisis,Compound Polycrisis (LDC + Banking + Climate Disruption),2026,0,22.46,22.46,22.46,22.46,22.46,0.0,0.0
BGD,Compound_Polycrisis,Compound Polycrisis (LDC + Banking + Climate Disruption),2027,1,13.66,15.06,16.1,17.47,19.01,0.0,0.0
BGD,Compound_Polycrisis,Compound Polycrisis (LDC + Banking + Climate Disruption),2028,2,13.79,15.43,16.8,18.33,20.31,0.0,0.0
BGD,Compound_Polycrisis,Compound Polycrisis (LDC + Banking + Climate Disruption),2029,3,13.99,15.82,17.36,19.08,21.24,0.0,0.0
BGD,Compound_Polycrisis,Compound Polycrisis (LDC + Banking + Climate Disruption),2030,4,14.23,16.23,17.87,19.57,21.9,0.0,0.0
BGD,Compound_Polycrisis,Compound Polycrisis (LDC + Banking + Climate Disruption),2031,5,14.28,16.47,18.25,20.12,22.67,0.0,0.0
BGD,Compound_Polycrisis,Compound Polycrisis (LDC + Banking + Climate Disruption),2032,6,14.6,16.83,18.63,20.52,23.28,0.0,0.0
BGD,Compound_Polycrisis,Compound Polycrisis (LDC + Banking + Climate Disruption),2033,7,14.58,17.06,18.97,20.92,23.77,0.0,0.0
BGD,Compound_Polycrisis,Compound Polycrisis (LDC + Banking + Climate Disruption),2034,8,14.82,17.35,19.32,21.29,24.12,0.0,0.0
BGD,Compound_Polycrisis,Compound Polycrisis (LDC + Banking + Climate Disruption),2035,9,15.01,17.57,19.62,21.72,24.49,0.0,0.0
BGD,Compound_Polycrisis,Compound Polycrisis (LDC + Banking + Climate Disruption),2036,10,15.1,17.9,19.94,22.03,24.99,0.0,0.0
BGD,Compound_Polycrisis,Compound Polycrisis (LDC + Banking + Climate Disruption),2037,11,15.23,18.1,20.24,22.33,25.25,0.0,0.0
BGD,Compound_Polycrisis,Compound Polycrisis (LDC + Banking + Climate Disruption),2038,12,15.36,18.25,20.42,22.55,25.56,0.0,0.0
BGD,Compound_Polycrisis,Compound Polycrisis (LDC + Banking + Climate Disruption),2039,13,15.55,18.42,20.62,22.77,25.78,0.0,0.0
BGD,Compound_Polycrisis,Compound Polycrisis (LDC + Banking + Climate Disruption),2040,14,15.61,18.6,20.75,23.02,26.0,0.0,0.0
BGD,Compound_Polycrisis,Compound Polycrisis (LDC + Banking + Climate Disruption),2041,15,15.8,18.64,20.95,23.2,26.2,0.0,0.0
BGD,Compound_Polycrisis,Compound Polycrisis (LDC + Banking + Climate Disruption),2042,16,15.77,18.87,21.19,23.42,26.45,0.0,0.0
BGD,Compound_Polycrisis,Compound Polycrisis (LDC + Banking + Climate Disruption),2043,17,15.87,19.06,21.32,23.55,26.7,0.0,0.0
BGD,Compound_Polycrisis,Compound Polycrisis (LDC + Banking + Climate Disruption),2044,18,15.89,19.15,21.45,23.66,26.87,0.0,0.0
BGD,Compound_Polycrisis,Compound Polycrisis (LDC + Banking + Climate Disruption),2045,19,16.04,19.24,21.54,23.87,27.11,0.0,0.0
BGD,Compound_Polycrisis,Compound Polycrisis (LDC + Banking + Climate Disruption),2046,20,16.08,19.27,21.75,24.05,27.2,0.0,0.0
BGD,Resilient_4D_Response,Resilient 4D+ Counter-Strategy (Tax + Port + Diversification),2024,-2,21.33,21.33,21.33,21.33,21.33,0.0,0.0
BGD,Resilient_4D_Response,Resilient 4D+ Counter-Strategy (Tax + Port + Diversification),2025,-1,21.83,21.83,21.83,21.83,21.83,0.0,0.0
BGD,Resilient_4D_Response,Resilient 4D+ Counter-Strategy (Tax + Port + Diversification),2026,0,22.46,22.46,22.46,22.46,22.46,0.0,0.0
BGD,Resilient_4D_Response,Resilient 4D+ Counter-Strategy (Tax + Port + Diversification),2027,1,22.17,22.94,23.45,24.02,24.87,0.0,0.0
BGD,Resilient_4D_Response,Resilient 4D+ Counter-Strategy (Tax + Port + Diversification),2028,2,24.27,25.49,26.23,26.94,27.9,0.0,0.0
BGD,Resilient_4D_Response,Resilient 4D+ Counter-Strategy (Tax + Port + Diversification),2029,3,26.37,27.67,28.5,29.27,30.38,0.0,0.0
BGD,Resilient_4D_Response,Resilient 4D+ Counter-Strategy (Tax + Port + Diversification),2030,4,28.32,29.64,30.52,31.39,32.49,0.0,0.0
BGD,Resilient_4D_Response,Resilient 4D+ Counter-Strategy (Tax + Port + Diversification),2031,5,30.09,31.5,32.42,33.3,34.51,0.0,0.0
BGD,Resilient_4D_Response,Resilient 4D+ Counter-Strategy (Tax + Port + Diversification),2032,6,31.88,33.26,34.23,35.15,36.38,0.0,0.0
BGD,Resilient_4D_Response,Resilient 4D+ Counter-Strategy (Tax + Port + Diversification),2033,7,33.52,34.95,35.97,36.88,38.17,0.0,0.0
BGD,Resilient_4D_Response,Resilient 4D+ Counter-Strategy (Tax + Port + Diversification),2034,8,35.12,36.6,37.63,38.56,39.9,0.0,0.0
BGD,Resilient_4D_Response,Resilient 4D+ Counter-Strategy (Tax + Port + Diversification),2035,9,36.65,38.21,39.25,40.18,41.59,0.0,0.0
BGD,Resilient_4D_Response,Resilient 4D+ Counter-Strategy (Tax + Port + Diversification),2036,10,38.21,39.73,40.77,41.79,43.23,0.0,0.0
BGD,Resilient_4D_Response,Resilient 4D+ Counter-Strategy (Tax + Port + Diversification),2037,11,39.68,41.22,42.32,43.33,44.79,0.0,0.0
BGD,Resilient_4D_Response,Resilient 4D+ Counter-Strategy (Tax + Port + Diversification),2038,12,41.02,42.64,43.72,44.78,46.26,0.0,0.0
BGD,Resilient_4D_Response,Resilient 4D+ Counter-Strategy (Tax + Port + Diversification),2039,13,42.36,44.0,45.08,46.18,47.69,0.0004,0.0
BGD,Resilient_4D_Response,Resilient 4D+ Counter-Strategy (Tax + Port + Diversification),2040,14,43.6,45.31,46.44,47.56,49.1,0.015,0.0
BGD,Resilient_4D_Response,Resilient 4D+ Counter-Strategy (Tax + Port + Diversification),2041,15,44.87,46.61,47.73,48.85,50.44,0.0864,0.0
BGD,Resilient_4D_Response,Resilient 4D+ Counter-Strategy (Tax + Port + Diversification),2042,16,46.15,47.86,49.02,50.18,51.84,0.2814,0.0
BGD,Resilient_4D_Response,Resilient 4D+ Counter-Strategy (Tax + Port + Diversification),2043,17,47.4,49.09,50.27,51.46,53.15,0.561,0.0
BGD,Resilient_4D_Response,Resilient 4D+ Counter-Strategy (Tax + Port + Diversification),2044,18,48.59,50.31,51.49,52.7,54.37,0.8008,0.0
BGD,Resilient_4D_Response,Resilient 4D+ Counter-Strategy (Tax + Port + Diversification),2045,19,49.71,51.45,52.72,53.9,55.67,0.9336,0.0
BGD,Resilient_4D_Response,Resilient 4D+ Counter-Strategy (Tax + Port + Diversification),2046,20,50.77,52.62,53.87,55.15,56.9,0.9814,0.0006
